person,Username,Confidence (0-100),Notes,X5,Country,X6,X7,X8,X9,X10,X11,X12,X13,X14,variable,coding,alternate_coding
dana,slim404,90,"was part of transition govt but resigned due to internet censorship... ""Could-have-been ashamed if Ennahda Did not Prove to be as corrupt as RCD :)""",NA,Tunisia,NA,NA,NA,NA,NA,NA,NA,NA,NA,Religion,Secularist,NA
dana,ooouups,85,"Ennahdha used strength, heavy means of repression with the blessing of the people! Do not cry afterwards! Congratulations! # AST",NA,Tunisia,NA,NA,NA,NA,NA,NA,NA,NA,NA,Religion,Secularist,NA
dana,nawaat,90,"""Award-winning citizen media website specialized in topical news focusing on democracy, transparency, accountability, justice, civil liberties & rights""... the various authorson the website seem to be critical of conservative islam and the turkish model: http://nawaat.org/portail/2011/11/06/decryptage-la-democratie-selon-ennahdha/.....  ""@yusraghkh U ""care"" about our website's reputation only if something touches your ""holy"" party #Ennahdha + it's ""clan"" @liliopatra @malekk""",NA,Tunisia,NA,NA,NA,NA,NA,NA,NA,NA,NA,Religion,Secularist,NA
dana,psycke,70,"""Same here RT @ Khalilbm : Reading some names of Nidaa Tounes makes me almost Ennahdha sympathetic""",NA,Tunisia,NA,NA,NA,NA,NA,NA,NA,NA,NA,Religion,Secularist,NA
dana,karim2k,85,"We dreamed of seeing Ben Ali fall, we still dream today of seeing the Islamist regime have the same fate.",NA,Tunisia,NA,NA,NA,NA,NA,NA,NA,NA,NA,Religion,Secularist,NA
dana,riadheh,70,"""Kamel Omrane lance son parti. Enfin une vÌ©ritable alternative ÌÊ Ennahdha. TrÌ¬s bonne nouvelle.""",NA,Tunisia,NA,NA,NA,NA,NA,NA,NA,NA,NA,Religion,Secularist,Secularist
dana,mira404,70,"def pro dem. she ran as an independent so i dont think she is particularly islamist but also she probably thought the transitional elected govt and Ennahada party would be a million times better than Ben Ali, who killed her family members... ""Compter les abstentionnistes comme des gens qui n'ont pas votÌ© Ennahdha est ce qu'on appelle de la malhonnÌ»tetÌ© intellectuelle. #tnelec""",NA,Tunisia,NA,NA,NA,NA,NA,NA,NA,NA,NA,Religion,Secularist,NA
dana,yassayari,50,"def pro dem, only reports the seats for Ennahdha tag..."" j'etais pas fier au nom de islam ou autre, j'etais fier que tiens, maintenant ils savent qcq Ì¤a fait""",NA,Tunisia,NA,NA,NA,NA,NA,NA,NA,NA,NA,Religion,Islamist,Secularist
dana,sarah_bh,70,Le rÌ©gime parlementaire intÌ©gral d‰ÛªEnnahdha est dangereux pour la #Tunisie,NA,Tunisia,NA,NA,NA,NA,NA,NA,NA,NA,NA,Religion,Secularist,Secularist
dana,majdikhan,30,"super confused... says he understands why people voted for ennahda and i think he did too, but then says ""So it confirms a lot of stuff, go stay more than 3 years and we will get rid of ennahdha once and for all! Courage -_- '""... also, ""aking a demonstration is useless! We must go on a general strike! It's the economy that will take a hit # SidiBouzid"" so seems like anti ben ali but not really rev route",NA,Tunisia,NA,NA,NA,NA,NA,NA,NA,NA,NA,Religion,Secularist,NA
dana,maramirou,60,"she retweets@ooouups a bunch about Ennahada but she also retweeted: ""RT @ Sarah_bh Mr Ghannouchi seems honest and loyal, I do not understand what he was doing in the government of Ben Ali"" ; she also thinks its crazy he wants to get rid of alcohol...",NA,Tunisia,NA,NA,NA,NA,NA,NA,NA,NA,NA,Religion,Secularist,NA
dana,marwen,75,pro-rev and pretty critical of Ennahahda: What irritates me most is that of all my colleagues who vote Ennahdha none of them had opened his mouth before January 14!,NA,Tunisia,NA,NA,NA,NA,NA,NA,NA,NA,NA,Religion,Secularist,Secularist
dana,benmhennilina,90,was part of the protests and doesnt like Ennahada https://www.greenleft.org.au/content/tunisia-%C3%A2%C2%80%C2%98-start-global-wave-protests%C3%A2%C2%80%C2%99,NA,Tunisia,NA,NA,NA,NA,NA,NA,NA,NA,NA,Religion,Secularist,NA
dana,slimazzabi,70,"J-6 # 2012 .. Ben Ali, Mubarak, Gbagbo, Gaddafi, Kim Jong-il .. who's the next?.... but hard to tell position on Ennahdha... seems mostly critical, and that this party is not as different as the previous one.. ""buying pages fans then .. as did ennahdha more than six months ago""/// he also has pro-islam in govt posts but they are not related to Ennahdha..""Mohamed Talbi: Islam is secularism, democracy and freedom http://shr.tn/cn1u""",NA,Tunisia,NA,NA,NA,NA,NA,NA,NA,NA,NA,Religion,Secularist,NA
dana,jnayna,40,"she seemed super excited about the transitional govt at first, but then it slowsly changed; also she really liked Ghannouchi but then in 2013 wished for hi to have a heart attack: ""Should not deny that thanks to our Brothers # Sidibouzid we announced a new provisional government!"".... ""Sad for the departure of # ghannouchi .. and even more for Tunisia and its people .. the situation is simply GRAVE""... ""Je pense que Mon pÌ¬re Votera #ennahdha je le trouve tellement concentrÌ© tellement .. bon je me tais :/ on est libres dans la famille :D""",NA,Tunisia,NA,NA,NA,NA,NA,NA,NA,NA,NA,Religion,Secularist,NA
dana,azyyoz,90,"an activist during the revolution; he literally tweeted he is not an islamist and does not respect Ennahdha",NA,Tunisia,NA,NA,NA,NA,NA,NA,NA,NA,NA,Religion,Secularist,NA
dana,arabasta1,90,"pro rev and anti-Ennahdha: ""EXCELLENT !!! The @ CPRTunisie did not do everything like Ennahdha :) It is good to cut the umbilical cord now :))""",NA,Tunisia,NA,NA,NA,NA,NA,NA,NA,NA,NA,Religion,Secularist,NA
dana,zinga_,85,"prodem, ""dans le sens ou tu commence ÌÊ trop fixer ennahdha,on est tous contre (du moins sur twitter) et on les ignore carrÌ©ment :)""",NA,Tunisia,NA,NA,NA,NA,NA,NA,NA,NA,NA,Religion,Secularist,NA
dana,c_moii,85,"anti-ben ali and anti-Ghannouchi. Les fonds d'ennahdha viennent en grande partie des guerres qu'elle mene ailleurs pour la syrie un johadiste =  25000$ ! Esclavage moderne",NA,Tunisia,NA,NA,NA,NA,NA,NA,NA,NA,NA,Religion,Secularist,NA
dana,jasmintn,85,"a lot of pro rev and anti rcd / ben ali tweets. also a lot of critical Ennahdha tweets",NA,Tunisia,NA,NA,NA,NA,NA,NA,NA,NA,NA,Religion,Secularist,NA
dana,sans_url,30,"seems to prefer ben ali to Ennahdha, also was said the protests were making it hard to go to work... ""Under ben ali we had: bad management, bad economic strategy. Under # ennahdha NO management and NO strategy"".... """"Mr. Marzouk new Secretary General Nidaa Tounes, Taieb Baccouche, Hafedh Caid Essebsi and Faouzi Elloumi the Vice-Presidents."" # Peace & love""",NA,Tunisia,NA,NA,NA,NA,NA,NA,NA,NA,NA,Religion,Secularist,NA
dana,indigo_light,80,"supports the rev and said multiple times he was voting Ennahdha: ""For those who will vote Ennahdha abroad: it is October 23rd, do not forget! I say the 23rd of October!"" .... ""@ruhanirabin hey man please support our protest in #tunisia by spreading the hashtag #sidibouzid thanks!!""",NA,Tunisia,NA,NA,NA,NA,NA,NA,NA,NA,NA,Religion,Secularist,NA
dana,takriz,30,"""Tunisian cyber think/fight tank & street resistance network since 1998. Free, True & Anonymous -Takrizo Ergo Sum- We make revolutions!""... it seems like they want to be democratic but ideals of revolution and saying things like ""The whole tunisian government must collapse, its monkey assembly inclusive. We're burning Ennahdha offices all over the country."" does not seem to be high in civic culture/democratic ideals",NA,Tunisia,NA,NA,NA,NA,NA,NA,NA,NA,NA,Religion,Secularist,NA
dana,sameh_b,40,"he seems like he didnt vote for Ennahdha but also did? relaly confused... ""@ Khaffousa  @ WalidBaccari that's the point .. and ready to accept tyranny and dictatorship again .. everything plz but not # Ennahdha !! # Fail"" and ""Merci du fond du coeur a tous ceux qui ont votÌ© #Ennahdha..GrÌ¢ce a vs ns avons honorÌ© nos martyrs &rÌ©alisÌ© les buts 2 la rÌ©volution #9avril"" ..and...I will vote for # Ennahdha when they stop calling their leaders ""Sheikh"" -__- so never !! # Jdcjdr",NA,Tunisia,NA,NA,NA,NA,NA,NA,NA,NA,NA,Religion,Secularist,Secularist
dana,nayzek,30,"I cannot tell secular/islam... from http://wasabi.tn/#about-us -- ""Houssem recently served as the Director of the Media Center for Tunisia‰Ûªs historic 2014 parliamentary and presidential elections"" .... ""Mr. Ghannouchi seems honest and loyal, I do not understand what he was doing in Ben Ali's government (via @ Sarah_bh )""",NA,Tunisia,NA,NA,NA,NA,NA,NA,NA,NA,NA,Religion,Secularist,NA
dana,liliopatra,85,"Her bio is that she loves human rights, clearly called ben ali a dictator and.. ""Message to those who support this traitorous gang, read> Recycling RCD by Ennahdha Http: // bit.ly/Rsqkxv Via @ nawaat  # TUNISIA""",NA,Tunisia,NA,NA,NA,NA,NA,NA,NA,NA,NA,Religion,Secularist,NA
dana,eyaturki,50,"Def anti-ennahdha but she seems to think that democracy is not working the way it is currently constructed... ""Rather disappointing provisional government, too many # RCD ists are still part of ministries. # fail  # tunisie  # sidibouzid... ""After the scores of # Ennahdha and # MLP , you realize that democracy is to shit and that you have to burn everything and live naked.""",NA,Tunisia,NA,NA,NA,NA,NA,NA,NA,NA,NA,Religion,Secularist,NA
dana,faiyla,70,"overall seems critical of Ennhadha...pro-revolution..""Our victory was your victory, your victory is our victory.Move forward, great nation! #egypt #tunisia #sidibouzid #jan25 #tahrir"".. ""In Ancient Rome,the righteous ruler was the one respecting the Senate and his peers. By breaking the political consensus,Ennahdha failed.""",NA,Tunisia,NA,NA,NA,NA,NA,NA,NA,NA,NA,Religion,Secularist,Secularist
dana,zizoo,80,"in nidaa tounes party. ""Through violence, you may ‰Û÷solve‰Ûª one problem, but you sow the seeds for another"" #sidibouzid""... but also... ""Around 25000 people are now in the streets of #sidibouzid singing and dancing. Immense moment of pride"" he seems to lean more towards this feeling of pride for protesting. ...""I'm in #Paris this weekend to celebrate the ""fete de la musique"", see my friends and family and attend @Nidaa_Tounes one year celebrations""",NA,Tunisia,NA,NA,NA,NA,NA,NA,NA,NA,NA,Religion,Secularist,NA
dana,houeida,70,"pro-rev, ""Who gets the seats? do not tell me Ennahdha , I'll shoot myself, do not exaggerate!""",NA,Tunisia,NA,NA,NA,NA,NA,NA,NA,NA,NA,Religion,Secularist,NA
dana,malekk,70,"Vote for me, I am against Ennahdha !http: // riadh.posterous.com/votez-pour-moi -je-am-contre-ennahdha  ... via @ riadheh"" ... ""we were 11 and they were 50! thanks to the police for making a non-event a quasi diplomatic incident! videos to come # sidibouzid""",NA,Tunisia,NA,NA,NA,NA,NA,NA,NA,NA,NA,Religion,Secularist,NA
dana,ahlemhc,70,"cleary anti-ennahdha; didnt seem too enthusiastic about rev or rather critical of the outcome... ""Do not be deceived. Salafists are a side effect. The problem is # Ennahdha , his fundamentalist doctrine and violent leaders""",NA,Tunisia,NA,NA,NA,NA,NA,NA,NA,NA,NA,Religion,Secularist,NA
dana,tom_z,70,"pro-Ghannouchi : ""constitutional i guess > @zizoo: Military coup or constitutional transition? everyone is waiting #tunisia #tunis #sidibouzid"" ... ""i agree> @ Ooouups : RESPECT RT @ drnounou : The resignation of # ghannouchi is the biggest proof of his patriotism. Respects. # tunisie""... seems supportive of sidibouzid rev",NA,Tunisia,NA,NA,NA,NA,NA,NA,NA,NA,NA,Religion,Secularist,Secularist
dana,chiheb12,30,"his blog's tagline is: ""In support of the rebellious Arab peoples"" but i cant tell whether he is islamist/secularist",NA,Tunisia,NA,NA,NA,NA,NA,NA,NA,NA,NA,Religion,Secularist,NA
dana,zeinebturki,80,Seeing the swollen face of Said Aidi strengthens my conviction that Ennahdha is and will never be a democratic party,NA,Tunisia,NA,NA,NA,NA,NA,NA,NA,NA,NA,Religion,Secularist,NA
dana,khamousss,75,"this took me a while...sometimes seemed like islamists, but actually not... ""Ghannouchi talks about secularism in # Tunisia , I dream or ...?""..... ""Abdelfattah Mourou and Arwa Ben Abbes candidates # Ennahdha in Tunis2.# Tunisia Ouhhh the terrorists!"" he thinks the ennahdha and nida tounes are purposefully accting polarizing and then will just form a coalition. ... ""not be blind! The army must take power as in Egypt! And organize elections for July if all! # sidibouzid""... claims to want dem""Only democracy can save us""",NA,Tunisia,NA,NA,NA,NA,NA,NA,NA,NA,NA,Religion,Islamist,Secularist
dana,may_mouna,50,"lots of tweets about ennahdha, dont really seem critical... @ riadheh Riadh, you are going to make yourself sick to defend Islam with other people, and twitter in addition. I have already been there: /...""1.4 million is also the number of votes in favor of Ennahdha in the elections of October 2011. # chokribelaid""....",NA,Tunisia,NA,NA,NA,NA,NA,NA,NA,NA,NA,Religion,Secularist,NA
dana,yamenbousrih,60,""" 17 Jan 2011: I like the # newGovernment :) # tunisie  # sidibouzid"".... yet responding to a tweet about an eye for an eye... unfortunately this is what Ennahdha wants and the big loser is the Tunisian people",NA,Tunisia,NA,NA,NA,NA,NA,NA,NA,NA,NA,Religion,Secularist,NA
dana,ifikra,90,"started website nawaat.org; famous human rights guy and freedom of info... 'Ghannouch, the master of double-discourse, exposes how Islamists are unable to separate religion from State  #ennahdha""",NA,Tunisia,NA,NA,NA,NA,NA,NA,NA,NA,NA,Religion,Secularist,NA
dana,blech_klem,70,"pro rev ..""dear followers Ennahdha does not represent the Islamists and Pirate Party is not the spokesperson of the open source ...""...""I regret the days when I defended ennahdha before the elecs against unfounded attacks and prejudices. Allah the traba7 el PDM""....""RT @ Psycke : ""I voted Ennahdha , I regret it, if Ben Ali had stayed, it would be better""",NA,Tunisia,NA,NA,NA,NA,NA,NA,NA,NA,NA,Religion,Secularist,NA
dana,emnachebaane,NA,"confused since she has a link to amnest international.. ""@ Psycke  @ MedAliChebaane  @ OlfaCheb We are the new clan BenAli , the name sounds good too ""Cheb3ane"" kind do not be afraid of us: p""",NA,Tunisia,NA,NA,NA,NA,NA,NA,NA,NA,NA,Religion,Secularist,NA
dana,bidules,70,What happened last night at # Thala is a shame! # Ennahdha betrayed the revolution and Tunisia # Know,NA,Tunisia,NA,NA,NA,NA,NA,NA,NA,NA,NA,Religion,Secularist,NA
dana,khalilbm,60,I do not understand those who wish the return of Ben Ali while they have Ennahdha # masochism,NA,Tunisia,NA,NA,NA,NA,NA,NA,NA,NA,NA,Religion,Secularist,NA
dana,boukornineblog,80,"tons of anti-ennnahdha tweets....Ce qui m'inquiÌ¬te plus que Ennahdha, c'est la suffisance de ce peuple dans la soumission et son aptitude ÌÊ lÌ©gitimer une dictature. #HazimaLessons",NA,Tunisia,NA,NA,NA,NA,NA,NA,NA,NA,NA,Religion,Secularist,NA
dana,out__rage,80,"""Hello. # Ennahdha is a fascist party founded by terrorists. Thank you for your attention."" .... ""# sidibouzid ---> # jan25 ---> # libya ---> # yemen ---> # bahrein ---> # syria ---> # spanishrevolution . Beautiful pandemic.""",NA,Tunisia,NA,NA,NA,NA,NA,NA,NA,NA,NA,Religion,Secularist,NA
dana,yhzami,20,"honestly every other tweet seems to be in favor of or in opposition to Ennahdha""@ bidules yes ennahdha is in power c thanks to the crap opposition"".... ""Goal achieved ::: Nidaa Tounes decides to pursue Ennahdha nationally and internationally ""... ""#Ennahdha un parti qui accepte les homo‰Ûªs http://goo.gl/VGEPw """,NA,Tunisia,NA,NA,NA,NA,NA,NA,NA,NA,NA,Religion,Secularist,NA
dana,viagramoniak,20,"small number of tweets... ""@ YassinSansE I have not yet caught the ennahdha phobia :) so let them know.""",NA,Tunisia,NA,NA,NA,NA,NA,NA,NA,NA,NA,Religion,Secularist,Secularist
dana,mounej,50,"tons of ennahdha tweets, which seem mostly like news, but tends to skew negative (although perhaps positive towards Ghannouchi?):  ""RT: Only Nida TounÌ¬s can make a counterbalance to Ennahdha. "" "":A gov of national unity will be the proposal of ennahdha to absorb the tension ... do not fall into the same trap."".... ""Thank God! Ghannouchi: 'The birth of Ennahdha is one of the most important events in history 2 Tunisia'http: // www. mosaiquefm.net/fr/index/a/Act uDetail / Element / 22216-Rached Ghannouchi-it-is-born-and-Nahda-the-one-of-events-the-more-important-from-history of-the-tunisia  ...""",NA,Tunisia,NA,NA,NA,NA,NA,NA,NA,NA,NA,Religion,Secularist,NA
dana,maroo_king,60,very small amount of tweets We invited # Ennahdha  # Ettajdid  # PDP and # CPR to @ EspritTN for political debates ... no party impressed me! # Fail,NA,Tunisia,NA,NA,NA,NA,NA,NA,NA,NA,NA,Religion,Secularist,Secularist
dana,kiffegrave,80,"he is quite critical of ennahdha (and clearly tweeted ""i will vote against ennahdha"") which makes him somewhat more sympathetic towards his treatment of the prior regime, as in he does not see black and white of bad in Ben Ali; that probably makes him lower on the democracy scale yet high on the secular scale... so i am confident in that assesment but it doenst mean i think he is super anti dem either. ""@ bachbouch90  @ jpr0732 the Muslim brothers represented in Tunisia by the political party ennahdha "" ""@ MissBBfine We must respect the opinion of the other. After all it must be honest everything was not black under BenAli ! Good and bad""",NA,Tunisia,NA,NA,NA,NA,NA,NA,NA,NA,NA,Religion,Secularist,NA
dana,albawsalatn,80,"A Tunisian human rights organization calls for putting the citizen at the center of political action and for strengthening the value of accountability in the Tunisian reality. Yahyaoui, the founder,  ran in the 2011 Constituent Assembly election as an independent candidate. Due to not receiving a seat in the election, she created the NGO Al Bawsala (translated to ""The Compass"" in Arabic). Nothing about islam and Yahyaoui ran as an independent",NA,Tunisia,NA,NA,NA,NA,NA,NA,NA,NA,NA,Religion,Secularist,NA
dana,nizarus,40,"he RTs things about ennahdha being linked with terrorism: ""Without comment: - / Ben Jaafar: # Ennahdha is the main cause of the proliferation of # terrorism http: // www. businessnews.com.tn/mustapha-ben-j aafar - ennahdha-is-the-leader-of-the-proliferation-of-terrorism, 520,63462,3  ...  # MBJ""",NA,Tunisia,NA,NA,NA,NA,NA,NA,NA,NA,NA,Religion,Secularist,NA
dana,R_Ghannouchi,95,NA,NA,Tunisia,NA,NA,NA,NA,NA,NA,NA,NA,NA,Religion,Islamist,NA
dana,NahdhaTunisie,95,NA,NA,Tunisia,NA,NA,NA,NA,NA,NA,NA,NA,NA,Religion,Islamist,NA
dana,Ali_Larayedh,95,"He is former prime minister of Ennahdha party, the islamist but democratic party... he is quoted in this article http://www.aljazeera.com/news/2016/05/left-tunisia-ennahda-party-160526101937131.html: Party officials have stressed that Ennahda's separation of religion and politics is a genuine shift. ""It's a natural development within Tunisia, a natural evolution of the Ennahda party and of a democratic Tunisia,"" Secretary General and Congress President Ali al-Arid told Al Jazeera.",NA,Tunisia,NA,NA,NA,NA,NA,NA,NA,NA,NA,Religion,Islamist,Islamist
dana,yusraghkh,95,"Yusra Ghannouchi is the international spokesperson for the Tunisian Ennahdha Party and a daughter of the party founder, Rashid Ghannouchi. A trained lawyer, she studied and lived in London with her father where he lived as a political exile under the Ben Ali government. She returned to Tunisia with her father in 2011 after the protests that led to the removal of the Ben Ali government. She is active in bridge building between different communities, interfaith dialogue and advocacy for the rights of Muslim women and has lectured internationally on these issues.",NA,Tunisia,NA,NA,NA,NA,NA,NA,NA,NA,NA,Religion,Islamist,Islamist
dana,ZiedLadhari,95,"Minister of Industry and Trade, Tunisia. Secretary General, Ennahdha Party. Former MP, form Constituent Assembly member.",NA,Tunisia,NA,NA,NA,NA,NA,NA,NA,NA,NA,Religion,Islamist,Islamist
dana,BassemLoukil,40,"businessman... no tweets on the key search words... here is an interview but i dont really understnd it http://afrique.lepoint.fr/economie/bassem-loukil-la-tunisie-est-accablee-par-l-administration-et-la-mafia-23-03-2017-2114227_2258.php. he did say the current government (2017) is ""fucked up"", and that is the Nidaa party (secular) but he seems to be more critical of government corruption in general",NA,Tunisia,NA,NA,NA,NA,NA,NA,NA,NA,NA,Religion,Secularist,NA
dana,Mehdi_Jomaa,90,"President of the Tunisian Alternative Party... was independent prior but was in the Ali Laarayedh (Ennahdha) Cabinent/government. ""A national party, reformist, moderate and realistic"" want to consolidate democracy.... their vision: ""An advanced, democratic and hopeful nation. A prosperous, prosperous society, creative, culturally and open to the world. A country dedicated to responsible citizenship, serving the present and future generation.""",NA,Tunisia,NA,NA,NA,NA,NA,NA,NA,NA,NA,Religion,Secularist,NA
dana,JasmineF_TN,90,"an NGO with partners all big things like UNDP and NED; no mention of islam in any statements or materials. ""Our mission is to strengthen democratic stability and economic prosperity through institutional dialogue between policymakers and civil society on social and economic policy issues; while simultaneously building the capacity of civil society to propose, monitor, and review public policies and provide input into policy-making process.""",NA,Tunisia,NA,NA,NA,NA,NA,NA,NA,NA,NA,Religion,Islamist,NA
dana,alaa,80,"Very well-known blogger and active in anti-govt. protests, but doesn't have any known links to MB",NA,Egypt,NA,NA,NA,NA,NA,NA,NA,NA,NA,Religion,Secularist,NA
dana,waelabbas,95,"Human rights blogger, Twitter search on #Morsi shows he has been critical of the MB in the past",NA,Egypt,NA,NA,NA,NA,NA,NA,NA,NA,NA,Religion,Secularist,NA
dana,ghonim,95,Well-known activist and former engineer at Google -- very secular,NA,Egypt,NA,NA,NA,NA,NA,NA,NA,NA,NA,Religion,Secularist,NA
dana,nawaranegm,65,"I'm not sure if she's really secular, but she doesn't like the MB per newspaper articles",NA,Egypt,NA,NA,NA,NA,NA,NA,NA,NA,NA,Religion,Secularist,NA
dana,sandmonkey,95,"one of the main people coordinating the revolution... assuming secular because also anti-morsi, called brotherhood terrorists",NA,Egypt,NA,NA,NA,NA,NA,NA,NA,NA,NA,Religion,Secularist,NA
dana,elbaradei,80,"wants democracy & peace, participated in rev, formed pol party and coaltion with other secularist parties, also wants inclusion of Islamists in politics",NA,Egypt,NA,NA,NA,NA,NA,NA,NA,NA,NA,Religion,Secularist,NA
dana,zeinobia,60,"picture is of #Jan25 (sure about anti-govt), so i am unsure of seculra/islamists: seems critical of brotherhood, but is religious (lots of pray for comments), supported ElBaradei",NA,Egypt,NA,NA,NA,NA,NA,NA,NA,NA,NA,Religion,Secularist,NA
dana,3arabawy,90,"anti-govt (pinned tweet ""down with Mubarak""), likens morsi to mubarak",NA,Egypt,NA,NA,NA,NA,NA,NA,NA,NA,NA,Religion,Secularist,NA
dana,amrmsalama,80,made documentary about called Tahrir 2011... no tweets at all about morsi,NA,Egypt,NA,NA,NA,NA,NA,NA,NA,NA,NA,Religion,Secularist,NA
dana,monasosh,90,hates morsi,NA,Egypt,NA,NA,NA,NA,NA,NA,NA,NA,NA,Religion,Secularist,NA
dana,kalimakhus,80,anti-govt,NA,Egypt,NA,NA,NA,NA,NA,NA,NA,NA,NA,Religion,Secularist,NA
dana,drbassemyoussef,90,"famous satirist and youtube, makes fun of morsi",NA,Egypt,NA,NA,NA,NA,NA,NA,NA,NA,NA,Religion,Secularist,NA
dana,gamaleid,95,human rights lawyer and joined a group to lobby against Mubarak's govt,NA,Egypt,NA,NA,NA,NA,NA,NA,NA,NA,NA,Religion,Secularist,NA
dana,salmaeldaly,70,"favorable retweets of #Jan25, one photo of Morsi, too",NA,Egypt,NA,NA,NA,NA,NA,NA,NA,NA,NA,Religion,Secularist,NA
dana,yosrifouda,90,very clearly...apologized for any votes Morsi gained by appearing on his show,NA,Egypt,NA,NA,NA,NA,NA,NA,NA,NA,NA,Religion,Secularist,NA
dana,wael,90,anti govt and socialist so also doubt Morsi supporter,NA,Egypt,NA,NA,NA,NA,NA,NA,NA,NA,NA,Religion,Secularist,NA
dana,monaeltahawy,95,"""as happy as I am 2 c #Morsi gone bec alienated & marginalized opposition, the Muslim Brotherhood must be included not marginalized""",NA,Egypt,NA,NA,NA,NA,NA,NA,NA,NA,NA,Religion,Secularist,NA
dana,alyaagad,90,NA,NA,Egypt,NA,NA,NA,NA,NA,NA,NA,NA,NA,Religion,Secularist,NA
dana,galalamer,50,"know for sure he was anti-govt, but he died of heart attack during the protests (unsure of whether anti/pro MB)",NA,Egypt,NA,NA,NA,NA,NA,NA,NA,NA,NA,Religion,Secularist,NA
dana,amrwaked,50,read article that said this egyptian actor was one of the first celebrities to be vocally anti-Mubarak,NA,Egypt,NA,NA,NA,NA,NA,NA,NA,NA,NA,Religion,Secularist,NA
dana,mand0z,90,"""Don't fall for the regime's Muslim-Brotherhood-taking-over propaganda. Also if you want make sure they don't take over: Participate! #Jan25""",NA,Egypt,NA,NA,NA,NA,NA,NA,NA,NA,NA,Religion,Secularist,Secularist
dana,adel_salib,50,"hard to understand translation...seems to have pro #Jan25 tweets, but cant tell if secularist",NA,Egypt,NA,NA,NA,NA,NA,NA,NA,NA,NA,Religion,Secularist,NA
dana,hazem_azim,80,"""not against rev jan.25 but but totally against disgusting leading figuresDont mix up""; also seems to be against US involvement...thinks Obama supported MB",NA,Egypt,NA,NA,NA,NA,NA,NA,NA,NA,NA,Religion,Secularist,NA
dana,ahmadesseily,85,called MB terrorists and antigov,NA,Egypt,NA,NA,NA,NA,NA,NA,NA,NA,NA,Religion,Secularist,Secularist
dana,zeinabsamir,20,def anti govt but cant tell about morsi,NA,Egypt,NA,NA,NA,NA,NA,NA,NA,NA,NA,Religion,Secularist,Secularist
dana,lilianwagdy,70,"@lilianwagdy: So basically Morsi's foreign supporters include the US and Al Qaeda .. hmmmhttps://twitter.com/DrKarimK/status/353119428491239424/photo/1pic.twitter.com/f1XEXxJq2Q "".. ""I'm both anti morsi and anti scaf. I'm watching now trying to not be ov",NA,Egypt,NA,NA,NA,NA,NA,NA,NA,NA,NA,Religion,Secularist,NA
dana,5orm,70,"pro jan 25 and anti morsi ""Amnesty International | Egypt: Evidence points to torture carried out by Morsi supporters http://www.amnesty.org/en/for-media/press-releases/egypt-evidence-points-torture-carried-out-morsi-supporters-2013-08-02#.UfwWOL1clfF.twitter ‰Û_""",NA,Egypt,NA,NA,NA,NA,NA,NA,NA,NA,NA,Religion,Secularist,Secularist
dana,sarahcarr,80,"involved in jan25 providing information and news through her twitter. very critial of all leaders and has made comparisons of hitler to morsi: ""Mubarak & his jokes about sinking ferries, Morsi & his planet of the apes and Sisi & his fucking watches. Egypt is married to lunatics."" ... ""Morsi is about to speak and the studio and his posture and the presenters' obsequiousness is extremely Mubarakist."".....""Morsi saying all Egyptians were together in the revolution [unlike the constitutional assembly]""",NA,Egypt,NA,NA,NA,NA,NA,NA,NA,NA,NA,Religion,Secularist,Secularist
dana,gsquare86,90,"her website is clear about her beliefs (e.g. ""Mubarak, Tantawy, Morsy, Sisi; your day will come and revolutionary justice will be served!"")",NA,Egypt,NA,NA,NA,NA,NA,NA,NA,NA,NA,Religion,Secularist,NA
dana,minazekri,60,tweets anti sis anti morsi,NA,Egypt,NA,NA,NA,NA,NA,NA,NA,NA,NA,Religion,Secularist,NA
dana,ahmednaguib,70,"""Again, the Egyptians made history by taking down one of the most feared internal security systems. No more fear. #Jan25 #AmnDawla #Egypt""....""In short, under Mubarak, Egypt‰Ûªs economy was bad; under Morsi, it got worse. #PTs""....""All the deaths since the removal of Morsi are the #MB's fault. None of this would have happened if they were fair and decent people.""",NA,Egypt,NA,NA,NA,NA,NA,NA,NA,NA,NA,Religion,Secularist,NA
dana,gemyhood,50,can't tell if hes making fun of morsi or supporting him?,NA,Egypt,NA,NA,NA,NA,NA,NA,NA,NA,NA,Religion,Secularist,NA
dana,shokeir,40,can't tell if he's pro/anti morsi,NA,Egypt,NA,NA,NA,NA,NA,NA,NA,NA,NA,Religion,Secularist,NA
dana,heshoz,80,anti MB pros sis,NA,Egypt,NA,NA,NA,NA,NA,NA,NA,NA,NA,Religion,Secularist,NA
dana,mennagamal,50,seems like she goes back and forth about her feelings towards MB. not enough tweets to really know,NA,Egypt,NA,NA,NA,NA,NA,NA,NA,NA,NA,Religion,Islamist,NA
dana,theboghdady,80,NA,NA,Egypt,NA,NA,NA,NA,NA,NA,NA,NA,NA,Religion,Secularist,NA
dana,seksek,80,NA,NA,Egypt,NA,NA,NA,NA,NA,NA,NA,NA,NA,Religion,Secularist,NA
dana,sarahngb,90,NA,NA,Egypt,NA,NA,NA,NA,NA,NA,NA,NA,NA,Religion,Secularist,NA
dana,thebigpharaoh,70,"""Morsi threatened to use military trials against those who insult him. Mubarak used to send the MB to military courts. That's how low MB is."" so he doesn't like MB but his dad was a Morsi supporter. ""Today there are no independent papers as a sign of protest. There are only ugly state owned papers that moved from serving Mubarak to the MB""",NA,Egypt,NA,NA,NA,NA,NA,NA,NA,NA,NA,Religion,Secularist,NA
dana,h_eid,50,"from @ch33sl3y ... ""@H_Eid We are watching from england with hope and pride! we are with you our friends in spirit. #mubarak must go! #freedom will be yours!""... supposed RTs (i can't find original tweets) indicate that he is pro-dem... nothing about Morsi",NA,Egypt,NA,NA,NA,NA,NA,NA,NA,NA,NA,Religion,Secularist,NA
dana,lastoadri,80,"""I agree with the accusation de .. ""@iayad: The Muslim Brotherhood must be tried for political stupidity! # Egypt # Politics #Egypt"" & ""I am PROUD to witness this time in Egyptian History. I am PROUD to be an Egyptian. #Jan25""",NA,Egypt,NA,NA,NA,NA,NA,NA,NA,NA,NA,Religion,Secularist,Secularist
dana,rashapress,80,https://www.frontlinedefenders.org/en/case/case-history-rasha-azab,NA,Egypt,NA,NA,NA,NA,NA,NA,NA,NA,NA,Religion,Secularist,NA
dana,minanaguib90,85,"I'm not freaking out, not at all .. I'm glad he started acting like a real MB member that early .. The early the better # Morsi  # Egypt",NA,Egypt,NA,NA,NA,NA,NA,NA,NA,NA,NA,Religion,Secularist,NA
dana,ahmad_khalil,70,"def pro dem, critical of mb & morsi, but not very explicitly",NA,Egypt,NA,NA,NA,NA,NA,NA,NA,NA,NA,Religion,Secularist,NA
dana,naguibsawiris,100,founded free egyptians party: secular & democratic,NA,Egypt,NA,NA,NA,NA,NA,NA,NA,NA,NA,Religion,Secularist,NA
dana,mazloum,90,NA,NA,Egypt,NA,NA,NA,NA,NA,NA,NA,NA,NA,Religion,Secularist,NA
dana,nabilelhalfawy,20,"¯£¯¨¯«ôä ôÉô  ¯»¯£¯Çô_¯±¯¤ôã¯Çôö¯¤¯±¯¤ôã¯_ôÉ¯¤ôãôÄ¯¤ôöô_¯©¯_ôãôä ¯¤ôã¯Çôö¯±¯© (ôÄôã¯¤ôÉ ôÄ¯Çô_¯±,¯´¯_¯»¯Â¯¤¯Â ¯ø¯¤¯_ôÉ,¯¦ô_¯¤¯_ ô ôâ¯¤¯á,¯«¯_ôö¯± ¯¬¯¤ôã¯´¯¦¯áôà¯¤¯ø.¯´¯øôÉ¯¤ô  ôãôãôÉ¯±ôÄ¯_¯¤ôã¯Ç¯¤ô ôä) ô¯¤ôã ¯¤ôãôãôà ôöôã¯¤ô¯¤ôãôä #Jan25 #Tahrir","seems critical of most things, this tweet seems to indicate that he supports revolution but afraid of impact the revolutionaries will have on society",Egypt,NA,NA,NA,NA,NA,NA,NA,NA,NA,Religion,Secularist,Secularist
dana,alnagar80,90,"he was raised in the MB youth movement but left because he didnt agree with its ideals. he then was a major participant in Jan25. he ran and won an MP with the Al-Adl party (Justice Party), which is secular.",NA,Egypt,NA,NA,NA,NA,NA,NA,NA,NA,NA,Religion,Secularist,NA
dana,theadly,50,"If you're not part of the Revolution, you're part of the problem. #Tahrir #Jan25 #Egypt ...  and... I remember a time when I said I'm Egyptian, people said pyramids, not ""Sisi or Morsi"", shake my damn head. --tends to be lightly critiacl of morsi, listens to his speeches to cure insomnia...",NA,Egypt,NA,NA,NA,NA,NA,NA,NA,NA,NA,Religion,Secularist,NA
dana,thesherio,70,"""I'm calling dibs on bringing down the Morsi statue"" & very involved in jan25... but...""In 2011 if you weren't with #jan25 then you had no heart, in 2014 if you're not against it then you have no brains.""",NA,Egypt,NA,NA,NA,NA,NA,NA,NA,NA,NA,Religion,Secularist,NA
dana,kalnaga,90,"""More repressive than Mubarak; as incompetent as Morsi: President Sisi is wrecking Egypt‰Û_' and ""Egyptians by Millions REVOLT AGAIN saying: LOUD & CLEAR to MB & Morsi : The Time for Religious Fascism is over. SHAME ON USA SUPPORT TO MB!""",NA,Egypt,NA,NA,NA,NA,NA,NA,NA,NA,NA,Religion,Secularist,NA
dana,midoo0,20,"""@TheBigPharaoh sisi is amass killer ôÉôô_¯« ôÉôâ¯¤¯±ô ¯© ¯¤¯µôã¯¤""... i can't tell his take on mb/morsi; he has liked youtube videos of the crowd cheering after morsi was elected president... tweets dont seem overtly critical and almost seems to defend them.... Replying to @EricTrager18: Ok MB are sectarian, but el mogheer is not a member and they stated that in 2012""",NA,Egypt,NA,NA,NA,NA,NA,NA,NA,NA,NA,Religion,Secularist,Secularist
dana,dr_heba_raouf,60,"she is pro-democrac, is very religious, but says wants islam to not be in govt as a way to maintain authority but for moral justice and ""harmonizing it with the secular system"" http://www.freemalaysiatoday.com/category/nation/2017/08/07/muslim-world-facing-ideacide-says-egyptian-scholar/",NA,Egypt,NA,NA,NA,NA,NA,NA,NA,NA,NA,Religion,Islamist,Islamist
dana,moftasa,80,pro dem called morsi dictator,NA,Egypt,NA,NA,NA,NA,NA,NA,NA,NA,NA,Religion,Secularist,Secularist
dana,ahmdalish,70,NA,NA,Egypt,NA,NA,NA,NA,NA,NA,NA,NA,NA,Religion,Secularist,NA
dana,theonlywarman,75,"was protesting and active; tweeted that he does not support morsi... he seems to be apathetic now towards the revolution, calling it a coup",NA,Egypt,NA,NA,NA,NA,NA,NA,NA,NA,NA,Religion,Secularist,NA
dana,pakinamamer,85,"""New Egypt is eerily identical to old Egypt; we're 10 steps back albeit w/ popular support ... all cos of the Brotherhood, Morsi, & Islamists""",NA,Egypt,NA,NA,NA,NA,NA,NA,NA,NA,NA,Religion,Secularist,NA
dana,zelaky,69,Mercy: God is great above all # Morsi,NA,Egypt,NA,NA,NA,NA,NA,NA,NA,NA,NA,Religion,Secularist,Secularist
dana,embee,60,pro democracy... seems critical of MB,NA,Egypt,NA,NA,NA,NA,NA,NA,NA,NA,NA,Religion,Secularist,NA
dana,ahmada2,80,"pro jan 25 and anti MB‰ÛÏ@SondosFaramawy: @ahmada2 we're MB free :) rejoice!‰Û @KarimaKhalil @SondosFaramawy I still can't believe it!!! we vote #MB there since god knows when! :)",NA,Egypt,NA,NA,NA,NA,NA,NA,NA,NA,NA,Religion,Secularist,NA
dana,ramiii,30,"his tweets pretty apathetic during jan25 protests... almost like the people's fault for letting mubarak get so bad... ""People asking for democracy . For god's sake practice it first #jan25 #Tahrir #Egypt"" and ""who comes after mubarak?""... he also isn't a fan of morsi or sisi...",NA,Egypt,NA,NA,NA,NA,NA,NA,NA,NA,NA,Religion,Secularist,NA
dana,mar3e,80,"""Egypt under the Rule of Muslim Brotherhood is wrose than the era of the Past three Dictators ""Nasser-Sadat-Mubarak"" # Jan25  # Revolution""",NA,Egypt,NA,NA,NA,NA,NA,NA,NA,NA,NA,Religion,Secularist,NA
dana,alaaaswany,85,"pro-dem, founder of the kefaya movement pre-jan25, and is secular: ""ISLAM AS A RELIGION COULD LEAD THE PEOPLE TO BE BETTER HUMAN BEINGS BUT IF YOU MIX ISLAM WITH POLITICS THE RESULT WILL BE INEVITABLY FASCISM"" (although he refused to have a book translated into hebrew...?)",NA,Egypt,NA,NA,NA,NA,NA,NA,NA,NA,NA,Religion,Secularist,NA
dana,alienzero,85,"literaly said he hates mubarak and gave advice to people of where to protest jan25; also...""morsi going crazy does not turn shafiq to a good person ... both r mother fuckers""",NA,Egypt,NA,NA,NA,NA,NA,NA,NA,NA,NA,Religion,Secularist,NA
dana,salmasaid,90,"""How about we all go to arrest the biggest criminal in our country right now? #Morsi""",NA,Egypt,NA,NA,NA,NA,NA,NA,NA,NA,NA,Religion,Secularist,NA
dana,i3atef,40,maybe the right account is @3atef since this one doesn't have any tweets?... has pictures of how happy people are after morsi was elected but then later has tweets seeming to indicate that the coutnry is not morsi',"ôÄôã ¯´ôãôãôä ôÄ¯¤ô  ¯¤¯»¯_ôÉôã ôÉ¯_ ¯«¯±ô ¯¬ô_¯»¯_¯¤¯ø ¯¬¯¤ôãôÉ¯_¯á¯±ôà ¯£¯»ôÉô ôä ôÉô  ôÄôã ôâôã¯¬ôä ôÉô_ô ¯»ôàô_¯« ô ôà¯¤ô_¯© ¯«¯±ô ôÉ¯« ¯_ôã¯«¯¤ô ôà ¯_ôã¯«¯¤ô  ¯¤ôã¯¬ôã¯ø ôÉ¯« ¯£ôÄ¯»¯± #Morsi",Egypt,NA,NA,NA,NA,NA,NA,NA,NA,NA,Religion,Secularist,Islamist
dana,loainagati,85,"on jan 25 he said he was proud to be egyptian and ""The question is: How many people did Morsi kill when he was in power for a year?"" and other anti-morsi",NA,Egypt,NA,NA,NA,NA,NA,NA,NA,NA,NA,Religion,Secularist,NA
dana,memam8,70,"calls himself a liberal, in a post on his website he calls for copts and muslims to live in egypt together peacefully",NA,Egypt,NA,NA,NA,NA,NA,NA,NA,NA,NA,Religion,Secularist,NA
dana,ayaabdullah,40,"some tweets about the MB, like results of their election, and asking for a friend if ppl know any MB charities... indicate support for MB (?) but also... ""@UkBiba hey im in Lebanon , happy coz i`m their not for Morsi winning""",NA,Egypt,NA,NA,NA,NA,NA,NA,NA,NA,NA,Religion,Secularist,NA
dana,bassem_sabry,90,He was a founding member of and strategist for the Constitution Party -- a liberal party founded by leading democracy campaigner and former vice president Mohamed ElBaradei,NA,Egypt,NA,NA,NA,NA,NA,NA,NA,NA,NA,Religion,Secularist,Secularist
dana,bothainakamel1,90,"She is a self-described social democrat,[2] and ran as an independent. A Sunni Muslim, she has taken anti-sectarian stances, endorsing proposals for equal treatment of Coptic and Muslim places of worship and for trying those who incite sectarian violence --wiki",NA,Egypt,NA,NA,NA,NA,NA,NA,NA,NA,NA,Religion,Secularist,NA
dana,tarekshalaby,80,"Whether you choose to boycott or vote NO, we can not let SCAF / Morsi's constitution get in the way of our ongoing struggle. # Jan25 continues ...",NA,Egypt,NA,NA,NA,NA,NA,NA,NA,NA,NA,Religion,Secularist,NA
dana,m3adel,80,"#Morsi was a dictator who was ousted by the Egyptian people, #notacoup. #EgyptianRevolutionNotMilitaryCoup",NA,Egypt,NA,NA,NA,NA,NA,NA,NA,NA,NA,Religion,Secularist,NA
dana,amrrodriguez,20,"""Scalping Mubarak ,,, Coming Soon ,,,, 2012"".... seems for jan25 but very limited number of tweets on morsi, mb and sisi... ""The White House, perhaps surprisingly, thinks a Morsi victory would be the best for Egypt‰Ûªs economic transition - Washington Post"".... ""Shafeeq is a pimp ,, He never could have outfought Them ,,, it Was Morsi -- The Godfather""",NA,Egypt,NA,NA,NA,NA,NA,NA,NA,NA,NA,Religion,Secularist,Secularist
dana,malek,30,spent a long time looking for info... doesnt have a full name listed... seems pro-dem but cant tell anything else,NA,Egypt,NA,NA,NA,NA,NA,NA,NA,NA,NA,Religion,Secularist,NA
dana,etharkamal,30,"her jan25 posts seems pretty positively pro-dem... but... ""I've always denied that Saad El-Katatney is my father or uncle, because he isn't. My direct family (parents and siblings) are not MB"" and she married SCAF founders son, a doctor...denies any connection between anything... http://egyptmonocle.com/EMonocle/that-neo-power-marriage-of-mine/",NA,Egypt,NA,NA,NA,NA,NA,NA,NA,NA,NA,Religion,Secularist,Secularist
dana,ssirgany,60,"pro-dem but i can't entirely tell about morsi, seems mostly hesitant/critical... ""Morsi is trying to be diplomatic telling SCAF thank you very much, go home now. But he can't thank SCAF and martyrs in the same speech.""",NA,Egypt,NA,NA,NA,NA,NA,NA,NA,NA,NA,Religion,Secularist,NA
dana,__safi__,30,def pro-dem but can't find anything from him... account suspended... nothing tweeted by him about morsi,NA,Egypt,NA,NA,NA,NA,NA,NA,NA,NA,NA,Religion,Secularist,NA
dana,hfakhry,85,"""DOWN WITH MILITARY RULE IN # EGYPT .. DOWN DOWN DOWN .. # Tahrir is back!# Noscaf  # Nov18  # jan25"" and ""Who can forget !! RT @ NevineZaki Boycotting cave us Morsi .# NeverForget""",NA,Egypt,NA,NA,NA,NA,NA,NA,NA,NA,NA,Religion,Secularist,NA
dana,hamzanamira,70,"def pro-dem but this article said although he is muslim, he is secular in views of govt... http://www.mei.edu/content/artist-revolution-hamza-namira-arab-spring-and-dream-free-egypt#edn4",NA,Egypt,NA,NA,NA,NA,NA,NA,NA,NA,NA,Religion,Islamist,Islamist
dana,asmaamahfouz,90,one of founders of april 6 movement,NA,Egypt,NA,NA,NA,NA,NA,NA,NA,NA,NA,Religion,Secularist,NA
dana,egyptocracy,85,"25 Jan 2014 "" If #MB fanatics and Sisi fanatics are on the streets today, then why on earth would I hit the streets alongside either? #Egypt #Jan25",NA,Egypt,NA,NA,NA,NA,NA,NA,NA,NA,NA,Religion,Secularist,NA
dana,nasry,50,"i cant tell.. a lot of jan25 tweets and reporting and anti-mubarak/sisi, but no tweets about morsi/mb ... covers islam in the news... seems to be secular",NA,Egypt,NA,NA,NA,NA,NA,NA,NA,NA,NA,Religion,Secularist,NA
dana,mohamedwaked,85,"main picture is of jan25..."" We at the National Front for Justice and Democracy affirm our total refusal to participate in any activities aimed at the return of Morsi - whatever its name or calling i""",NA,Egypt,NA,NA,NA,NA,NA,NA,NA,NA,NA,Religion,Secularist,NA
dana,themiinz,70,"a bit confusing... ""@Mustafa_Hegazy I am not attacking him, I criticize everyone and just to let you know, I am voting Morsi."" so he seems supportive of morsi at first but becomes more critical, calls him the best of worst candidates in his article: https://mic.com/articles/10285/mohammed-morsi-does-not-rule-egypt-we-the-people-do#.qlgtPSUT4",NA,Egypt,NA,NA,NA,NA,NA,NA,NA,NA,NA,Religion,Secularist,Secularist
dana,MuhammadMorsi,100,NA,NA,Egypt,NA,NA,NA,NA,NA,NA,NA,NA,NA,Religion,Islamist,NA
dana,Ikhwanweb,100,"Official Twitter of the Muslim Brotherhood... as per our original coding, they are anti-Mubarak so they are Islamisist Anti-gov --> pro-dem",NA,Egypt,NA,NA,NA,NA,NA,NA,NA,NA,NA,Religion,Islamist,NA
dana,Mushaweh,90,a leading a figure in Syria‰Ûªs Muslim Brotherhood and a member of the Secretariat of the Syrian National Council. He is a former member of the Executive Bureau of the Syrian Revolution Coordinators Union. https://www.brookings.edu/blog/markaz/2017/07/24/islamists-on-islamism-today-an-interview-with-omar-mushaweh/,NA,Egypt,NA,NA,NA,NA,NA,NA,NA,NA,NA,Religion,Islamist,NA
dana,AzzaElGarf,90,"""The official account of MP Azza Al-Harf Member of Parliament of the Revolution Freedom and Justice Party and member of the Constituent Assembly for drafting """,NA,Egypt,NA,NA,NA,NA,NA,NA,NA,NA,NA,Religion,Islamist,NA
dana,asmaaghazalll,80,she calls people killed during protests martyrs and supports Morsi,NA,Egypt,NA,NA,NA,NA,NA,NA,NA,NA,NA,Religion,Islamist,NA
dana,alnourpartyeg,80,"Salafist party, supportive of coup against Morsi, unsupportive of the protests and very conservative islam",NA,Egypt,NA,NA,NA,NA,NA,NA,NA,NA,NA,Religion,Islamist,NA
dana,yonosmakhyoun,70,"Really confusing b/c supportive of Morsi intitally, then supportive of coup, then critical of coup, but generally pretty anti-dem & Salafist party al nour... ""Initially supportive of the army's removal of Morsi on 3 July, he announced al-Nour's withdrawal from the anti-Morsi coalition after the ""massacre"" on 8 July, in which dozens of Morsi supporters were killed.""",NA,Egypt,NA,NA,NA,NA,NA,NA,NA,NA,NA,Religion,Islamist,NA
dana,naderbakkar,80,well he is salafist (so ppl like @Alqaradawy do not agree with his views) and pro-democracy,NA,Egypt,NA,NA,NA,NA,NA,NA,NA,NA,NA,Religion,Islamist,NA
dana,gelhaddad,90,"media spokesman for the Brotherhood from May 2013 until he was arrested on September 17th, 2013.",NA,Egypt,NA,NA,NA,NA,NA,NA,NA,NA,NA,Religion,Islamist,NA
dana,alqaradawy,80,"Leading islamist scholar... I read he is pro-democracy, although not from his twitter account",NA,Egypt,NA,NA,NA,NA,NA,NA,NA,NA,NA,Religion,Islamist,NA
hana,slim404,80,"Tweets are in praise of ""universal suffrage"", and the one of the tweets mentions al-qaeda members joining a morsi sitin",NA,Tunisia,NA,NA,NA,NA,NA,NA,NA,NA,NA,Religion,Secularist,NA
hana,ooouups,85,"calls nidaa tounes the pary of ""false asses"", so probably pro-democracy.",NA,Tunisia,NA,NA,tweeted that nadha was manipulating people,NA,NA,NA,NA,NA,NA,Religion,Secularist,NA
hana,psycke,65,"anti Nahda party: To brandish the specter of terrorism is to call the people to unite against a foreign force. Now the threat comes from Ennahdha and their speech. Also, tweets dont seem pro decmocracy; ""the question i aksk myself, is democracy antiprogressive?"" ""There are people who speak of democracy only in terms of elections. Between 2 elections, c the democratic dictatorship.'",NA,Tunisia,NA,NA,NA,NA,NA,NA,NA,NA,NA,Religion,Secularist,NA
hana,karim2k,70,"tweets are anti-Nahda,",NA,Tunisia,NA,NA,NA,"""But this is what is at stake in democracy, in France as in the USA there are many worlds who are dissatisfied but democracy works""",NA,NA,NA,NA,NA,Religion,Secularist,NA
hana,riadheh,70,"refers to nidaa tounes as militants ""Behold Tunisia! The militants Nidaa Tounes give us a lesson of democracy"" tweets are very pro islam :""Obviously everything would have been simpler if a Muslim majority had created a universal declaration of the principles of Islam.""",NA,Tunisia,NA,NA,NA,NA,NA,NA,NA,NA,NA,Religion,Secularist,Secularist
hana,mira404,75,"""I imagine the wind of panic that must blow on Ennahdha's headquarters, as long as there is the street, Tunisia will be democratic. """,NA,Tunisia,NA,NA,NA,NA,NA,NA,NA,NA,NA,Religion,Secularist,NA
hana,yassayari,65,"""BCE (Beji caif essebsi) For democracy is like Bombing for Peace or Fucking for Virginity"" or",NA,Tunisia,NA,NA,NA,doesnt seem specifically islamist but not anti/islamism in politics http://www.twitlonger.com/show/n_1smvnpn,NA,NA,NA,NA,NA,Religion,Islamist,Secularist
hana,sarah_bh,80,"seems pro decmocracy: A second round for the presidential election for the first time in its history, a sign that Tunisia is on the right path of democracy. #Proud ""It is clear that Ennahdha remains the most structured and disciplined party in Tunisia.""",NA,Tunisia,NA,NA,NA,NA,NA,NA,NA,NA,NA,Religion,Secularist,Secularist
hana,majdikhan,NA,"""So it confirms a lot of stuff, go stay more than 3 years and we will get rid of ennahdha once and for all! Courage -_- '""",NA,Tunisia,NA,NA,NA,NA,", called ennahda ""cons"" in another tweet",NA,", tweets are pro democracy: ""To us to establish a true democracy not to taint this beautiful victory!""",NA,NA,Religion,Secularist,NA
hana,maramirou,65,"""Lotfi Maktouf analyzes the failure of Ennahdha and explains the potential for resistance of civil society """,NA,Tunisia,NA,NA,NA,NA,seems pro essebsi: BÌ©ji CaÌød Essebsi devient le premier chef d'Etat tunisien Ì©lu librement depuis l'indÌ©pendance en 1956,NA,NA,NA,NA,Religion,Secularist,NA
hana,marwen,55,"tweets are pro democracy: ""He advocates values ‰ÛÜ‰ÛÜcontrary to the republic and contrary to democracy. It was democracy that was demanded on January 14"" not too confident about whether he an islamist or not, though this tweet seems to suggest he's critical of ennhada: ""RT: @lidootn: @Marwen Si Ennahda remporte les Ì©lÌ©ctions, tu dois penser ÌÊ faire un e-shop pour les hommes et un autre pour les femmes.""",NA,Tunisia,NA,NA,NA,NA,NA,NA,NA,NA,NA,Religion,Secularist,Secularist
hana,benmhennilina,70,"tweet seem anti ennahda ""Ennahda fails to deliver promises of work and freedom "" AND ANTI-bce: ""Comment choisir entre la peste et le cholÌ©ra? """,NA,Tunisia,NA,NA,NA,NA,NA,NA,NA,NA,NA,Religion,Secularist,NA
hana,slimazzabi,60,"seems anti: bCE ""5 years later, the old (MBJ, MMM, BCE) and the bearded have killed this hope by selling the country # 17dec #Tunisia"" seems skpetical about islamism ""Political Islam: The Turkish model difficult to transpose in Tunisia !"" seems to want secularist islam? ""Mohamed Talbi: Islam is secularism, democracy and freedom """,NA,Tunisia,NA,NA,NA,NA,NA,NA,NA,NA,NA,Religion,Secularist,NA
hana,jnayna,30,unsure. claims she loves democracy in one tweet. there isn't any explicitly anti BCE tweets,NA,Tunisia,NA,NA,NA,NA,NA,NA,NA,NA,NA,Religion,Secularist,NA
hana,azyyoz,60,"tweets seem skeptical about islamism. has this pro demcoracy tweet: ""Pour moi, il s'agit de populariser les mÌ©canismes de prise de dÌ©cision. J'opte pour une dÌ©mocratie locale de consensus""",NA,Tunisia,NA,NA,NA,NA,NA,NA,NA,NA,NA,Religion,Secularist,NA
hana,arabasta1,45,"""Christian Morin on a tract of the Islamist party Ennahda: ""I am embarrassed"" -"" tweets aren't explicitly anti BCE. seems a bit skeptical about democracy ""Democracy: The political system that we ask others to apply until they use it against us.""",NA,Tunisia,NA,NA,NA,NA,NA,NA,NA,NA,NA,Religion,Secularist,NA
hana,zinga_,30,"""Democracy is also the institutional right to say nonsense""",NA,Tunisia,NA,"seems anti bce ""And anarchy settled successfully in #Tunisia! Bravo #BCE""",NA,NA,NA,"also seems anti ennahda ""Case of survival in case #ennahda take power""",NA,NA,NA,Religion,Secularist,NA
hana,c_moii,50,"seems anti nahda ""It alarms people who know nothing about their religions and who trust in nahdha! They have nothing with Islam""",NA,Tunisia,NA,NA,NA,NA,"also seems anti bce ""Every time I listen #BCE it is confirmed for me that it uses the same drug as #gaddefi but in mode more soft !!""",NA,NA,NA,NA,Religion,Secularist,NA
hana,jasmintn,55,"anti bce ""Under torture I will not vote BCE!""",NA,Tunisia,"also seesm anti nahda ""Mourou:. The Tunisian people no longer want Ennahda. Time must pass and we must forget its faults """,NA,NA,NA,NA,NA,NA,NA,NA,Religion,Secularist,NA
hana,sans_url,65,"seems ani nahda ""Tunisia's Ennahda moves to accept state authority over religious affairs""... the bigger the lie the more the people believe""",NA,Tunisia,"seems skeptical of bce ""BCE (despair of the nation""",NA,NA,NA,NA,NA,NA,NA,NA,Religion,Secularist,NA
hana,indigo_light,40,"seems anti bce ""Discourse between incoherence, indecency and aggressiveness. The big wind. #BCE"". seems pro nahda ""Muslim Internet user, if you want to work for an Islamist TUNISIA, you must be for #Ennahda if not your religion! ;)""",NA,Tunisia,NA,NA,NA,NA,NA,NA,NA,NA,NA,Religion,Secularist,NA
hana,takriz,45,"seems anti nahda ""the old senile of ennahda ' .",NA,Tunisia,"seems pro democracy ""The direct democracy in Tunisia is to see this magnificent people reject the electoral maguouilles by boycotting serious inscriptions.""",NA,NA,NA,NA,NA,NA,NA,NA,Religion,Secularist,NA
hana,sameh_b,60,"seems pro nahda ""The people want an Islamic unity #nahda""",NA,Tunisia,"seems pro democracy ""democracy inshallah""",NA,NA,NA,NA,NA,NA,NA,NA,Religion,Secularist,Secularist
hana,nayzek,70,"pro democracy ""Une autre dÌ©mocratie est possible... votez indÌ©pendants""",NA,Tunisia,NA,NA,NA,NA,NA,NA,NA,NA,NA,Religion,Secularist,NA
hana,liliopatra,65,"seems anti islamism """"It is not about the radicalization of Islam, but about the Islamization of radicalism.""""",NA,Tunisia,NA,NA,"tweets are pro democracy >"" L'Ì©crivaine Olfa Youssef quitte Nidaa Tounes :åÇ Pas de diffÌ©rence entre dictature et dÌ©mocratie åÈ""",NA,NA,NA,NA,NA,NA,Religion,Secularist,NA
hana,eyaturki,55,"seems skeptical of islamism ""Islam religion of peace RT @ Mira404: Imams distribute a Fatwa to the assembly that says it is forbidden to vote Articles 6 and 45"" tweets are also anti bce",NA,Tunisia,NA,NA,NA,NA,NA,NA,NA,NA,NA,Religion,Secularist,NA
hana,faiyla,50,"seems pro islamism ""The model of an Islam that works with democracy, previously spearheaded by Turkey, is now taken over by Tunisia""",NA,Tunisia,NA,NA,NA,NA,NA,NA,NA,NA,NA,Religion,Secularist,Secularist
hana,zizoo,90,"seems anti ennahda ""#Tunisia opposition is trying to canalize the street anger to ensure a smooth transition. #ennahda grip to power has blocked the process"" and pro democracy ""So happy for #tunisia the #NobelPeacePrize recognizes the role of civil society in building the foundation of #democracy""",NA,Tunisia,NA,NA,NA,NA,NA,NA,NA,NA,NA,Religion,Secularist,NA
hana,houeida,50,"seems pro decmocracy > ""Let yourself get a little bit of time, the most fierce fight is in a few months. # Freedom # democracy' . skeptical of islamis",NA,Tunisia,NA,NA,NA,NA,NA,NA,NA,NA,NA,Religion,Secularist,NA
hana,malekk,40,"""The dismissal by universal suffrage of Morsi sounds the death knell of political Islam """,NA,Tunisia,NA,NA,NA,NA,NA,NA,NA,NA,NA,Religion,Secularist,NA
hana,ahlemhc,40,"seems anti ennahda """"#Tunisia only recently emerged from four years of financial mismanagement by the #Ennahda-led government"" http://nyti.ms/1yjhpCN """,NA,Tunisia,NA,NA,NA,NA,NA,NA,NA,NA,NA,Religion,Secularist,NA
hana,tom_z,20,seems pro bce,NA,Tunisia,NA,NA,NA,NA,NA,NA,NA,NA,NA,Religion,Secularist,Secularist
hana,chiheb12,20,"seems pro democracy .  ""Democracy is emerging in Libya""""",NA,Tunisia,NA,not sur eif hes secular or not,NA,NA,NA,NA,NA,NA,NA,Religion,Secularist,NA
hana,al_pacino_,20,"seems pro democracy and anti bce : ""It evokes the Martial law? And control by the army? No but .. #BCE, are these threats?""",NA,Tunisia,NA,NA,NA,NA,NA,NA,NA,NA,NA,Religion,Secularist,NA
hana,zeinebturki,70,"seems anti nahda ""I feel I will have nightmares tonight: D RT @ Tienm504: Ennahda beats Hizb Tahrir by little"" . and pro democracy ""Calls also to speed up the organization of local elections to ensure better governance and participatory democracy.""",NA,Tunisia,NA,NA,NA,NA,NA,NA,NA,NA,NA,Religion,Secularist,NA
hana,khamousss,60,"seems pro democracy : ""We have to talk about Federalism, Democracy, Social Justice, anything other than capitalism ..."" seems pro ennahda ""Ennahda ready to a ""government of union"" "" https://twitter.com/Khamousss/status/898418172260372481",NA,Tunisia,NA,NA,NA,NA,NA,NA,NA,NA,NA,Religion,Islamist,Secularist
hana,may_mouna,50,"pro democray . :""Do not lose hope, think that the wheel of democracy is just beginning to turn. """,NA,Tunisia,NA,NA,tweets appear pro islamist,NA,NA,NA,NA,NA,NA,Religion,Secularist,NA
hana,yamenbousrih,55,"refers to nahda as militants ""We feel that only #ennahda militants are doing # 14jan, otherwise we see the frustration of others""",NA,Tunisia,NA,NA,NA,"sesm skepticla o fb ce""I do not think this speech will calm the #BCE situation'",NA,NA,NA,NA,NA,Religion,Secularist,NA
hana,ifikra,30,"seems pro bce, had this tweets uggesting anti nahda . :""An anonymous anti-#Ennahda ad portrays the ruling party as bloody-thirsty, and recalls scientific tradition of Islam """,NA,Tunisia,NA,NA,NA,NA,NA,NA,NA,NA,NA,Religion,Secularist,NA
hana,blech_klem,45,"seems anti nahda ""The worst thing is that # Ennahdha & co believe to defend Islam""",NA,Tunisia,NA,NA,"""The goal is no longer democracy but break Ennahdha at all costs"" seems skepticla of dmeocrac in gneeral.",NA,NA,NA,NA,NA,NA,Religion,Secularist,NA
hana,emnachebaane,40,"seems secular :""When will it be understood that the secularists are against the establishment of a theocratic regime and not against Islam?""",NA,Tunisia,NA,NA,NA,NA,NA,NA,NA,NA,NA,Religion,Secularist,NA
hana,bidules,50,"anti nahda""To have a dialogue, we need credible interlocutors! #Ennahda is not""",NA,Tunisia,NA,NA,"seems pro democracy: ""long lvie democracy""",NA,NA,NA,NA,NA,NA,Religion,Secularist,NA
hana,khalilbm,50,"seems anti nahda ""Tunisian constitution will make no place for faith; Ennahda leader rejects laws to enforce religion'",NA,Tunisia,NA,NA,NA,NA,NA,NA,NA,NA,NA,Religion,Secularist,NA
hana,boukornineblog,50,"seems anti nahda ""What still allows me to believe is that the masks of Ennahda and the electoral masquerade are in the process""  also seems anti bce ""The refusal of a televised debate by BCE is unjustifiable and very regrettable.'",NA,Tunisia,NA,NA,NA,NA,NA,NA,NA,NA,NA,Religion,Secularist,NA
hana,out__rage,55,"""When they talk about Salafist fascism they are shit, when they talk about moderate Islamism and democracy they are shit.""",NA,Tunisia,NA,NA,NA,NA,NA,NA,NA,NA,NA,Religion,Secularist,NA
hana,yhzami,50,"doesnt seem very pro democracy ""Democracy is a system that is established and established only with violence and repression!""",NA,Tunisia,NA,NA,NA,NA,NA,NA,NA,NA,NA,Religion,Secularist,NA
hana,viagramoniak,10,can't find that many tweets that point in either direciton,NA,Tunisia,NA,NA,NA,NA,NA,NA,NA,NA,NA,Religion,Secularist,Secularist
hana,mounej,60,"seems anti bce ""Franchement les gens qui s‰Ûªattendent ÌÊ quelque chose du discours de #BCE m‰Ûªintriguent! AmnÌ©siques ? SoÌÈls?"" seems anti nahda as well from this ironic tweet"" Hilarious interview of Hafedh Caid Essebsi! : ""The alliance with Ennahda is in the interest of Tunisia""",NA,Tunisia,NA,NA,NA,NA,NA,NA,NA,NA,NA,Religion,Secularist,NA
hana,maroo_king,60,"seems to be an islamist ""The Nightmare Is Not With Islam, It Is With Secularism"" and pro democracy ""Democracy... is a charming form of government, full of variety and disorder; and dispensing a sort of equality to equals and unequals alike""",NA,Tunisia,NA,NA,NA,NA,NA,NA,NA,NA,NA,Religion,Secularist,Secularist
hana,kiffegrave,70,"seems anti-bce:"" the #BCE pro that insult those who voted freely another candidate are the same ones that allowed the Ben Ali system to endure!"" . doesn't seem pro=political islam : ""if the Islam that is sold to you displeases you, take your Quran, you read it and you make your Islam.""",NA,Tunisia,NA,NA,NA,NA,NA,NA,NA,NA,NA,Religion,Secularist,NA
hana,albawsalatn,40,"Most of his tweets are statements from BCE speeches, and it doesnt seem like he is critical of any of these statements.",NA,Tunisia,NA,NA,NA,NA,NA,NA,NA,NA,NA,Religion,Secularist,NA
hana,cherifabm,70,"seems pro-democracy: ""It's pretty cool in elections full of suspense, it's called #democratie""",NA,Tunisia,NA,"and secularist: ""I do not defend Islam, I fought to avoid it in Tunisia and will fight again. But I know opponents""",NA,NA,NA,NA,NA,NA,NA,Religion,Secularist,NA
hana,nizarus,55,"seems pro democracy and anti government: ""the values ‰ÛÜ‰ÛÜof our politicians are not values ‰ÛÜ‰ÛÜof democracy or freedom. Just see the statements."" hard to tell whether he's secular",NA,Tunisia,NA,NA,NA,NA,NA,NA,NA,NA,NA,Religion,Secularist,NA
hana,R_Ghannouchi,20,hard to tell whether he's pro or ani ennahda. the tweets are manly news articles about ennahda but he doesnt take a critical stance about the party,NA,Tunisia,NA,NA,NA,NA,NA,NA,NA,NA,NA,Religion,Islamist,NA
hana,NahdhaTunisie,100,nahda party twitter,NA,Tunisia,NA,NA,NA,NA,NA,NA,NA,NA,NA,Religion,Islamist,NA
hana,Ali_Larayedh,60,"seems secularist since he tweeted this quote ""Ali Al-Arid, Vice-President of the Renaissance Movement:The term political Islam is poisoned by us and we do not adopt this excuse."" and pro democracy based on tweetng this quote: ""Prime Minister at the conclusion of the annual symposium of Tunisians abroad:No democracy without institutions.""",NA,Tunisia,NA,NA,NA,NA,NA,NA,NA,NA,NA,Religion,Islamist,Islamist
hana,yusraghkh,60,"seems anti-bce: ""nor the rapes by police under BCE‰Ûªs govt: thank you for waking up after decades, but we don‰Ûªt need your inconsistent help. In any case>""  seems ambivalent about islamism based on this two teets ""Many 'Political Islam' movements share our values, say MPs "", but also, "" it means that islamists do not monopolise Islam, and it's possible to be a Muslim without being islamist""",NA,Tunisia,NA,NA,NA,NA,NA,NA,NA,NA,NA,Religion,Islamist,Islamist
hana,ZiedLadhari,40,"doesnt seem pro-democracy: ""there remains of course progress of progress to be made and for that we speak of transition and not of established democracy"" hard to determine whether he is secular",NA,Tunisia,NA,NA,NA,NA,NA,NA,NA,NA,NA,Religion,Islamist,Islamist
hana,Mehdi_Jomaa,100,"former prime minister of tunisia, head of independent party",NA,Tunisia,NA,NA,NA,NA,NA,NA,NA,NA,NA,Religion,Secularist,NA
hana,JasmineF_TN,100,think tank specializing in democracy promotion,NA,Tunisia,NA,NA,NA,NA,NA,NA,NA,NA,NA,Religion,Islamist,NA
hana,alaa,80,"Very well-known blogger and active in anti-govt. protests, but doesn't have any known links to MB",NA,Egypt,NA,NA,NA,NA,NA,NA,NA,NA,NA,Religion,Secularist,NA
hana,waelabbas,95,"Human rights blogger, Twitter search on #Morsi shows he has been critical of the MB in the past",NA,Egypt,NA,NA,NA,NA,NA,NA,NA,NA,NA,Religion,Secularist,NA
hana,ghonim,95,Well-known activist and former engineer at Google -- very secular,NA,Egypt,NA,NA,NA,NA,NA,NA,NA,NA,NA,Religion,Secularist,NA
hana,nawaranegm,65,"I'm not sure if she's really secular, but she doesn't like the MB per newspaper articles",NA,Egypt,NA,NA,NA,NA,NA,NA,NA,NA,NA,Religion,Secularist,NA
hana,sandmonkey,95,Won multiple awards for his blog on Middle Eastern politics. Targeted for asassination by pro-Mubarak and Salafist political forces,NA,Egypt,NA,NA,NA,NA,NA,NA,NA,NA,NA,Religion,Secularist,NA
hana,elbaradei,95,Prominent law scholar and diplomat. Went to Tahrir to participate in anti-Morsi protests. Content on twitter/ biogaphy makes him appear to be a secularist,NA,Egypt,NA,NA,NA,NA,NA,NA,NA,NA,NA,Religion,Secularist,NA
hana,zeinobia,90,Prominent egyptian blogger. her blog suggests she was anti-mubarak and is anti-Muslim brotherhood,NA,Egypt,NA,NA,NA,NA,NA,NA,NA,NA,NA,Religion,Secularist,NA
hana,3arabawy,90,Searches for muslim brotherhood and hubarak on his twitter page suggest he's anti-both,NA,Egypt,NA,NA,NA,NA,NA,NA,NA,NA,NA,Religion,Secularist,NA
hana,amrmsalama,70,"Prominent filmmaker, has made movies on Tahrir. Not evident from his twitter page what his official stance on egyptian political issues is. but from a handful of tweets he seems anti-muslim brotherhood and anti-regime",NA,Egypt,NA,NA,NA,NA,NA,NA,NA,NA,NA,Religion,Secularist,NA
hana,monasosh,90,many tweets are anti-morsi and anti-sisi,NA,Egypt,NA,NA,NA,NA,NA,NA,NA,NA,NA,Religion,Secularist,NA
hana,kalimakhus,90,tweets are both anti-sisi and anti-morsi,NA,Egypt,NA,NA,NA,NA,NA,NA,NA,NA,NA,Religion,Secularist,NA
hana,drbassemyoussef,90,"prety prominent egyptian satirist who is consisently anti-authoritarian, not islamist",NA,Egypt,NA,NA,NA,NA,NA,NA,NA,NA,NA,Religion,Secularist,NA
hana,belalfadl,40,"really not sure.  claims he owns a satirical newspaper, which is why i put secularist",NA,Egypt,NA,NA,NA,NA,NA,NA,NA,NA,NA,Religion,Secularist,NA
hana,gamaleid,95,states explicitly in one of his tweets that he's a secularist. also tweets negatively about sisi,NA,Egypt,NA,NA,NA,NA,NA,NA,NA,NA,NA,Religion,Secularist,NA
hana,eahram,30,"really not sure. it's the english version of almasryalyoum coded above, so im using the same designation",NA,Egypt,NA,NA,NA,NA,NA,NA,NA,NA,NA,Religion,Secularist,NA
hana,salmaeldaly,90,tweets both anti-morsi and anti-mubarak,NA,Egypt,NA,NA,NA,NA,NA,NA,NA,NA,NA,Religion,Secularist,NA
hana,yosrifouda,70,"can't est. with 100% certainty that he's anti-morsi, but definitely anti-sisi",NA,Egypt,NA,NA,NA,NA,NA,NA,NA,NA,NA,Religion,Secularist,NA
hana,wael,80,seems anti morsi and anti sisi,NA,Egypt,NA,NA,NA,based on tweets,NA,NA,NA,NA,NA,Religion,Secularist,NA
hana,monaeltahawy,100,"prominent egyptian feminist, claims explicitly on twitter that she is anti-brotherhood and anti-sisi",NA,Egypt,NA,NA,NA,NA,NA,NA,NA,NA,NA,Religion,Secularist,NA
hana,alyaagad,95,tweets both anti-morsi and anti-mubarak,NA,Egypt,NA,NA,NA,NA,NA,NA,NA,NA,NA,Religion,Secularist,NA
hana,galalamer,70,"pretty sure he''s anti-sisi, cant estblish if he's secular.not secular with 100% certainty",NA,Egypt,NA,NA,NA,NA,NA,NA,NA,NA,NA,Religion,Secularist,NA
hana,amrwaked,80,tweets anti-sisi and anti-brotherhood,NA,Egypt,NA,NA,NA,NA,NA,NA,NA,NA,NA,Religion,Secularist,NA
hana,mand0z,60,tweets are pro-muslim brotherhood,NA,Egypt,NA,NA,NA,NA,NA,NA,NA,NA,NA,Religion,Secularist,Secularist
hana,adel_salib,50,"prominent film maker, really can't determine with certainty what his political ideology is, but i didnt find any pro morsi tweets",NA,Egypt,NA,NA,NA,NA,NA,NA,NA,NA,NA,Religion,Secularist,NA
hana,hazem_azim,70,"research suggests he used to be pro-sisi, and now denounces the government",NA,Egypt,NA,NA,NA,NA,NA,NA,NA,NA,NA,Religion,Secularist,NA
hana,ahmadesseily,70,"tweets are pro-muslim brotherhood, but seems ambivalent about being pro-morsi. doesnt seem pro-sisi",NA,Egypt,NA,NA,NA,NA,NA,NA,NA,NA,NA,Religion,Secularist,Secularist
hana,zeinabsamir,20,couldn't make out her stance based on tweets. she had one tweet that appeared pro-muslim brotherhood,NA,Egypt,NA,NA,NA,NA,NA,NA,NA,NA,and some that are anti-sisi,Religion,Secularist,Secularist
hana,lilianwagdy,50,doesn't appear to support morsi or sisi,NA,Egypt,NA,NA,NA,NA,NA,NA,NA,NA,NA,Religion,Secularist,NA
hana,5orm,60,tweets both pro morsi and pro sisi,NA,Egypt,NA,NA,NA,NA,NA,NA,NA,NA,NA,Religion,Secularist,Secularist
hana,sarahcarr,60,posted pro-morsi tweets,NA,Egypt,NA,NA,NA,NA,NA,NA,NA,NA,NA,Religion,Secularist,Secularist
hana,gsquare86,60,tweets are anti-morsi and anti-sisi,NA,Egypt,NA,NA,NA,NA,NA,NA,NA,NA,NA,Religion,Secularist,NA
hana,minazekri,70,tweets oth anti-sisi and anti-morsi,NA,Egypt,NA,NA,NA,NA,NA,NA,NA,NA,NA,Religion,Secularist,NA
hana,ahmednaguib,80,tweets explicitly antiå«morsi and proå«-sisi,NA,Egypt,NA,NA,NA,NA,NA,NA,NA,NA,NA,Religion,Secularist,NA
hana,gemyhood,55,tweeted that Nasser is handing over Egypt to Sisi. I'm assuming this makes him pro-Sisi? But also has tweeted pro MB.,NA,Egypt,NA,NA,NA,NA,NA,NA,NA,NA,NA,Religion,Secularist,NA
hana,shokeir,60,"tweeted anti-sisi, and anti-morsi, but pro-sadat.",NA,Egypt,NA,NA,NA,NA,NA,NA,NA,NA,NA,Religion,Secularist,NA
hana,heshoz,70,tweets explicitly anti MB and pro Sisi,NA,Egypt,NA,NA,NA,NA,NA,NA,NA,NA,NA,Religion,Secularist,NA
hana,mennagamal,60,Appears to be a reluctant,NA,Egypt,NA,NA,NA,"Morsi supporter. Tweeted that she prefers him to Shafik: ""I hate Morsi, I hate MB, I hate them with all my heart, but YES I'm proud I voted for Morsi, 'cause over my dead body Shafik as president!""",NA,NA,NA,NA,NA,Religion,Islamist,NA
hana,theboghdady,80,tweet anti-Mubarak and anti-MB,NA,Egypt,NA,NA,NA,NA,NA,NA,NA,NA,NA,Religion,Secularist,NA
hana,seksek,70,tweets pro sisi and anti-mB,NA,Egypt,NA,NA,NA,NA,NA,NA,NA,NA,NA,Religion,Secularist,NA
hana,sarahngb,70,tweets anti-sisi and anti-brotherhood,NA,Egypt,NA,NA,NA,NA,NA,NA,NA,NA,NA,Religion,Secularist,NA
hana,thebigpharaoh,70,tweets anti-sisi and anti-brotherhood,NA,Egypt,NA,NA,NA,NA,NA,NA,NA,NA,NA,Religion,Secularist,NA
hana,h_eid,50,"describes himself as a ""liberal"" couldnt find anz tweets to corroborate, just based on his twitter description",NA,Egypt,NA,NA,NA,NA,NA,NA,NA,NA,NA,Religion,Secularist,NA
hana,lastoadri,65,"tweets pro-MB, but anti-Mubarak",NA,Egypt,NA,NA,NA,NA,NA,NA,NA,NA,NA,Religion,Secularist,Secularist
hana,rashapress,40,doesn't appear to support morsi or sisi,NA,Egypt,NA,NA,NA,NA,NA,NA,NA,NA,NA,Religion,Secularist,NA
hana,minanaguib90,70,antiMB and antimubarak,NA,Egypt,NA,NA,NA,NA,NA,NA,NA,NA,NA,Religion,Secularist,NA
hana,ahmad_khalil,60,seems  anti MB and anti sisi,NA,Egypt,NA,NA,NA,NA,NA,NA,NA,NA,NA,Religion,Secularist,NA
hana,naguibsawiris,80,tweets pro-Sisi,NA,Egypt,NA,NA,NA,NA,NA,NA,NA,NA,NA,Religion,Secularist,NA
hana,mazloum,80,tweets anti-sisi and anti-brotherhood,NA,Egypt,NA,NA,NA,NA,NA,NA,NA,NA,NA,Religion,Secularist,NA
hana,nabilelhalfawy,40,"tweets seem pro-morsi, and pro-revolution",NA,Egypt,NA,NA,NA,NA,NA,NA,NA,NA,NA,Religion,Secularist,Secularist
hana,alnagar80,60,tweets anti-sisi and anti-brotherhood,NA,Egypt,NA,NA,NA,NA,NA,NA,NA,NA,NA,Religion,Secularist,NA
hana,theadly,80,tweets anti-sisi and anti-brotherhood,NA,Egypt,NA,NA,NA,NA,NA,NA,NA,NA,NA,Religion,Secularist,NA
hana,thesherio,80,tweets appear to be pro-sisi (though not that strongly so) and very anti-morsi,NA,Egypt,NA,NA,NA,NA,NA,NA,NA,NA,NA,Religion,Secularist,NA
hana,kalnaga,90,tweets are very anti-sisi and morsi,NA,Egypt,NA,NA,NA,NA,NA,NA,NA,NA,NA,Religion,Secularist,NA
hana,midoo0,60,"tweets are definitely anti-sisi, but hard to estb. if he's an islamist",NA,Egypt,NA,NA,NA,NA,NA,NA,NA,NA,NA,Religion,Secularist,Secularist
hana,dr_heba_raouf,70,"definitely very pro-morsi based on her tweets, which is why i am assuming she's anti-sisi, but havent found anything overtly anti-sisi on twitter page",NA,Egypt,NA,NA,NA,NA,NA,NA,NA,NA,NA,Religion,Islamist,Islamist
hana,moftasa,70,tweets are anti-sisi and favorable towards morsi,NA,Egypt,NA,NA,NA,NA,NA,NA,NA,NA,NA,Religion,Secularist,Secularist
hana,ahmdalish,85,definitely anti-sisi and anti-morsi,NA,Egypt,NA,NA,NA,NA,NA,NA,NA,NA,NA,Religion,Secularist,NA
hana,theonlywarman,80,tweet are anti-morsi and anti-sisi,NA,Egypt,NA,NA,NA,NA,NA,NA,NA,NA,NA,Religion,Secularist,NA
hana,pakinamamer,80,tweets are anti-morsi and anti-sisi,NA,Egypt,NA,NA,NA,NA,NA,NA,NA,NA,NA,Religion,Secularist,NA
hana,zelaky,75,tweets are anti-morsi and pro-sisi,NA,Egypt,NA,NA,NA,NA,NA,NA,NA,NA,NA,Religion,Secularist,Secularist
hana,embee,70,tweets are anti-morsi and pro-sisi,NA,Egypt,NA,NA,NA,NA,NA,NA,NA,NA,NA,Religion,Secularist,NA
hana,ahmada2,60,"tweets are definitely anti-morsi, cant estb. with certainty that theyre pro-sisi",NA,Egypt,NA,NA,NA,NA,NA,NA,NA,NA,NA,Religion,Secularist,NA
hana,ramiii,30,"cant determine for sure, but some of the tweets are moderately anti sisi and anti morsi",NA,Egypt,NA,NA,NA,NA,NA,NA,NA,NA,NA,Religion,Secularist,NA
hana,mar3e,50,"tweets seem pro-sisi, and anti-morsi",NA,Egypt,NA,NA,NA,NA,NA,NA,NA,NA,NA,Religion,Secularist,NA
hana,alaaaswany,70,tweets are anti-morsi and anti-sisi,NA,Egypt,NA,NA,NA,NA,NA,NA,NA,NA,NA,Religion,Secularist,NA
hana,alienzero,70,tweets are anti-morsi and pro-sisi,NA,Egypt,NA,NA,NA,NA,NA,NA,NA,NA,NA,Religion,Secularist,NA
hana,salmasaid,90,tweets are definitely anti morsi and anti sisi,NA,Egypt,NA,NA,NA,NA,NA,NA,NA,NA,NA,Religion,Secularist,NA
hana,i3atef,65,tweets are pro-morsi,NA,Egypt,NA,NA,NA,NA,NA,NA,NA,NA,NA,Religion,Islamist,Islamist
hana,loainagati,80,tweets are anti-sisi and anti-morsi,NA,Egypt,NA,NA,NA,NA,NA,NA,NA,NA,NA,Religion,Secularist,NA
hana,memam8,70,"describes himself as a ""Liberal"", tweets are definitely anti-morsi, didnt find any pro-sisi tweets",NA,Egypt,NA,NA,NA,NA,NA,NA,NA,NA,NA,Religion,Secularist,NA
hana,ayaabdullah,65,tweets are anti-morsi and pro-sisi,NA,Egypt,NA,NA,NA,NA,NA,NA,NA,NA,NA,Religion,Secularist,NA
hana,bassem_sabry,75,the tweets on this page are both pro morsi and pro sisi,NA,Egypt,NA,NA,NA,NA,NA,NA,NA,NA,NA,Religion,Secularist,Secularist
hana,tarekshalaby,90,defintiely antimorsi and antisisi,NA,Egypt,NA,NA,NA,NA,NA,NA,NA,NA,NA,Religion,Secularist,NA
hana,m3adel,75,tweets are pro sisi and anti morsi,NA,Egypt,NA,NA,NA,NA,NA,NA,NA,NA,NA,Religion,Secularist,NA
hana,amrrodriguez,70,tweets are pro sisi,NA,Egypt,NA,NA,NA,NA,NA,NA,NA,NA,NA,Religion,Secularist,Secularist
hana,malek,65,tweets are anti morsi and anti sisi,NA,Egypt,NA,NA,NA,NA,NA,NA,NA,NA,NA,Religion,Secularist,NA
hana,etharkamal,65,"tweets are anti-morsi on women""s rights issues. doesnt saz anything explicitly bad about sisi, but the sisi related tweets are not pro-sisi either",NA,Egypt,NA,NA,NA,NA,NA,NA,NA,NA,NA,Religion,Secularist,Secularist
hana,ssirgany,50,"She""s an independent journalist so all of her tweets are pretty neutral fact based. im coding her as secular, because im assuming that from her twitter page, but i cant make out any political leaning",NA,Egypt,NA,NA,NA,NA,NA,NA,NA,NA,NA,Religion,Secularist,NA
hana,mmaqarat,70,"tweets are anti-morsi. can""t establish with as much certainty if he/she is pro or anti sisi. there were pro-revolution tweets, and tweets about dictatorship after revolution, which is why im coding it anti-gov.",NA,Egypt,NA,NA,NA,NA,NA,NA,NA,NA,NA,Religion,Secularist,NA
hana,hfakhry,65,"tweets are antiislamist, and not strongly pro-sisi, but theres some indication that he is",NA,Egypt,NA,NA,NA,NA,NA,NA,NA,NA,NA,Religion,Secularist,NA
hana,hamzanamira,70,tweets are pro-morsi,NA,Egypt,NA,NA,NA,NA,NA,NA,NA,NA,NA,Religion,Islamist,Islamist
hana,asmaamahfouz,70,tweets are anti morsi and anti sisi,NA,Egypt,NA,NA,NA,NA,NA,NA,NA,NA,NA,Religion,Secularist,NA
hana,egyptocracy,65,tweets are anti sis and anti morsi but not emphatically so,NA,Egypt,NA,NA,NA,NA,NA,NA,NA,NA,NA,Religion,Secularist,NA
hana,nasry,70,tweets are pro sisi and anti morsi,NA,Egypt,NA,NA,NA,NA,NA,NA,NA,NA,NA,Religion,Secularist,NA
hana,mohamedwaked,60,"defintiely anti-morsi, seesm ambivalent about sisi, with some pro-sisi tweets",NA,Egypt,NA,NA,NA,NA,NA,NA,NA,NA,NA,Religion,Secularist,NA
hana,themiinz,60,tweets are not strongly pro or anti sisi,NA,Egypt,NA,NA,NA,NA,NA,NA,NA,NA,NA,Religion,Secularist,Secularist